product_category,COD,ARTICULO,DESCRIPCION,PRECIO_MAS_ALTO,PRECIO_MAS_BAJO,PRECIO_POR_KILO,PRECIO_POR_CAJA,PRECIO_ANTERIOR,USD
Frutas y Verduras,1,AGUACATE,CAJA CON 16K,"600,00","200,00","35,00","600,00","45,00","1,71"
Frutas y Verduras,2,AJO BLANCO,CHILENO #8 C/10K,,,,"700,00",,"34,29"
Frutas y Verduras,3,AJO BLANCO,CHILENO #7 C/10K,,,,"680,00",,"33,31"
Frutas y Verduras,4,AJO BLANCO,NACIONAL #9 C/10K,,,,"70,00",,
Frutas y Verduras,5,AJO BLANCO,NACIONAL #10 C/10 K,,,,"80,00",,
Frutas y Verduras,6,COCO,POR PIEZA,"40,00","20,00",,,"40,00",
Frutas y Verduras,7,BLUEBERRY,12 DOMOS,,,,"350,00","420,00","17,15"
Frutas y Verduras,8,CALABAZA,,"270,00","170,00","10,00","170,00","130,00","8,33"
Frutas y Verduras,9,CEBOLLA BLANCA,BULTO DE 38K,"12,00","3,80","12,00","80,00","12,00","0,59"
Frutas y Verduras,10,CEBOLLA MORADA,BULTO DE 38K,"18,00","5,00","18,00","60,00","11,00","0,88"
Frutas y Verduras,11,JENGIBRE,,"65,00","50,00","65,00",,"80,00","3,18"
Frutas y Verduras,12,CHAYOTE,BULTO CON 20 K,,,"12,00","130,00","150,00","6,37"
Frutas y Verduras,13,CHILE CUARESMEÑO,,"7,00","6,00","7,00",,"6,00","0,34"
Frutas y Verduras,14,CHILE DE ÁRBOL,,,,,"50,00","50,00","2,45"
Frutas y Verduras,15,CHILE HABANERO,CHOCOLATE,,,,"260,00","250,00","12,74"
Frutas y Verduras,16,CHILE HABANERO,,"60,00","30,00",,"60,00","50,00","2,94"
Frutas y Verduras,17,CHILE JALAPEÑO,,"20,00","6,00","20,00",,"12,50","0,98"
Frutas y Verduras,18,CHILE POBLANO,,"11,00","9,80","11,00",,"15,00","0,54"
Frutas y Verduras,19,CHILE SERRANO,,"12,00","11,00","12,00",,"6,00","0,59"
Frutas y Verduras,20,DURAZNO MICHOACAN,CAJA CON 9K,,,,"400,00","650,00","19,60"
Frutas y Verduras,21,DURAZNO MELOCOTON,CAJA CON 9K,,,,"450,00","580,00","22,05"
Frutas y Verduras,22,FRESA BAJA CALIFORNIA,8 DOMOS,,,,"420,00","450,00","20,58"
Frutas y Verduras,23,FRESA DRISCOL,8 DOMOS,,,,"220,00",,
Frutas y Verduras,24,FRESA NACIONAL,FRESH STRAWBERRY 8 DOM,,,,"220,00",,
Frutas y Verduras,25,FRESA,CAJA CON 9K,,,,"320,00","300,00","15,68"
Frutas y Verduras,26,FRAMBUESA,12 DOMOS,,,,"450,00","450,00","22,05"
Frutas y Verduras,27,GRANADA,CAJA CON 20K,,,,,,
Frutas y Verduras,28,GUANÁBANA,CAJA CON 10K,,,"70,00",,"55,00","3,43"
Frutas y Verduras,29,GUAYABA,CAJA CON 8K,"150,00","85,00","150,00",,"200,00","7,35"
Frutas y Verduras,30,HIGO,CAJA CON 10k,"500,00","400,00",,"500,00","230,00","24,50"
Frutas y Verduras,31,JICAMA,,,,"10,00",,"8,00","0,49"
Frutas y Verduras,32,JITOMATE SALADET,CAJA CON 15K,"80,00","50,00",,"80,00","130,00","3,92"
Frutas y Verduras,33,JITOMATE SALADET,CAJA CON 25K,"150,00","120,00","25,00","150,00","250,00","7,35"
Frutas y Verduras,34,LIMA,,,,,,,"1,22"
Frutas y Verduras,35,LIMÓN CON SEMILLA,CAJAS CON 21K,"24,00","15,00","24,00",,"28,00","1,18"
Frutas y Verduras,36,LIMÓN SIN SEMILLA,,"24,00","16,00","24,00",,"22,00","1,18"
Frutas y Verduras,37,MANGO ATAULFO,CAJA CON 25K GUERRERO,"1,500,00","900,00",,"1,500,00","1,300,00","73,49"
Frutas y Verduras,38,MANGO MANILA,CAJA CON 25K,"1,300,00","800,00",,"1,300,00","1,200,00","63,69"
Frutas y Verduras,39,MANGO ATAULFO,NIÑO GUERRERO,,,,"430,00","400,00","21,07"
Frutas y Verduras,40,MANGO MANILA,NIÑO,,,,"800,00","700,00","39,19"
Frutas y Verduras,41,MANGO ORO,CAJA CON 25K,,,,"300,00","310,00","14,70"
Frutas y Verduras,42,MANGO TOMMY,CAJA CON 25K,,,,"700,00","560,00","34,29"
Frutas y Verduras,43,MARACUYÁ,,"35,00","30,00","35,00",,"35,00","1,71"
Frutas y Verduras,44,MELON VALENCIANO,CAJA CON 12 PZAS,,,,"350,00",,"17,15"
Frutas y Verduras,45,NARANJA,VALENCIA,"15,00","13,00","15,00",,"15,00","0,73"
Frutas y Verduras,46,PAPA AMERICANA,BULTO CON 23K,,,,"450,00","450,00","22,05"
Frutas y Verduras,47,PAPA BLANCA,,,,,"12,00","12,00","0,59"
Frutas y Verduras,48,PAPA PARA FREIR,,,,,"15,00","15,00","0,73"
Frutas y Verduras,49,PAPA AMARILLA,,,,,"10,00","10,00","0,49"
Frutas y Verduras,50,PAPA CHICA,,,,,"9,00","8,00","0,44"
Frutas y Verduras,51,PAPAYA,MARADOL,"20,00","10,00","20,00",,"17,00","0,98"
Frutas y Verduras,52,PAPAYA,OAXACA,"20,00","14,00","20,00",,"20,00","0,98"
Frutas y Verduras,53,PIMIENTO MORRON,CAJA CON 11K,"40,00","30,00","40,00",,"40,00","1,96"
Frutas y Verduras,54,PIÑA MIEL,PIEZA POR DOCENA,"35,00","16,00","35,00",,"40,00","1,71"
Frutas y Verduras,55,PLÁTANO,TABASCO,"400,00","230,00",,"400,00","430,00","19,60"
Frutas y Verduras,56,PLÁTANO DOMINICO,,"500,00","350,00",,"500,00","500,00","24,50"
Frutas y Verduras,57,PLÁTANO MACHO,,,,"21,00",,"21,00","1,03"
Frutas y Verduras,58,SANDIA,KILO POR PIEZA,,,"12,00",,"13,00","0,59"
Frutas y Verduras,59,TAMARINDO,CAJA CON 11.5K,,,"40,00",,"35,00","1,96"
Frutas y Verduras,60,TOMATE,,"9,00","6,00","9,00",,"7,00","0,44"
Frutas y Verduras,61,TOMATILLO,,"20,00",,"20,00",,"15,00","0,98"
Frutas y Verduras,62,TORONJA,DOBLE ROJA,"18,00","16,00","18,00",,"18,00","0,88"
Frutas y Verduras,63,UVA ROJA,GLOBO XL,,,,,,
Frutas y Verduras,64,UVA ROJA,SIN SEMILLA,,,,,,
Frutas y Verduras,66,ZANAHORIA,BELGRADO,"100,00","70,00","7,00","100,00","120,00","4,90"
Frutas y Verduras,67,ZARZAMORA,CAJA CON 12 DOMOS,,,,"200,00","200,00","9,80"
Frutas y Verduras,VT 1,PAPA ATLANTIC,,,,"16,00",,"15,00","0,78"
Frutas y Verduras,FT 2,MAMEY,,,,"25,00",,"20,00","1,22"
Frutas y Verduras,FT 3,NANCHE,,,,"70,00",,"85,00","3,43"
Frutas y Verduras,FT4,MANDARINA,FREMONT,,,"20,00",,,"0,98"
Frutas y Verduras,FT 5,MANDARINA,ZARZUMA,,,"22,00",,"20,00","1,08"
Frutas y Verduras,68,CEREZA CLEEQUALITY,CAJA CON 5K,"$600,00",,,,,"$ 29,39"
Frutas y Verduras,69,AJO BLANCO,#5 ARGENTINO,"$750,00","$850,00",,,"< $ 36,74",
Frutas y Verduras,70,ESPARRAGOS,PREMIUM QUALITY XL,"$350,00","$580,00",,,"< $ 17,15",
Frutas y Verduras,71,NÉCTARINA BLANCA,CAJA CON 9K SERIE 40,"$450,00","$500,00",,,"< $ 22,05",
Frutas y Verduras,72,NÉCTARINA BLANCA,CAJA CON 9K SERIE 60,"$400,00",,,,,
Frutas y Verduras,73,NÉCTARINA AMARILLA,CAJA CON 9K SERIE 40,"$320,00",,,,,
Frutas y Verduras,74,NÉCTARINA AMARILLA,CAJA CON 9K SERIE 50,"$300,00","$400,00",,,"< $ 14,70",
Frutas y Verduras,75,MANDARINA TANGO,CALIFORNIA 320K,"$8.000,00","$8.500,00",,,"< $391,93",
Frutas y Verduras,76,NARANJA CARA CARA,CALIFORNIA,"$600,00",,,,,
Frutas y Verduras,77,NARANJA NAVEL,CALIFORNIA,"$560,00","$550,00",,,"> $ 27,43",
Frutas y Verduras,78,MANZANA AMARILLA,NACIONAL GRANEL,"$250,00","$280,00",,,"< $ 12,25",
Frutas y Verduras,79,MANZANA GOLDEN,AMERICANA C/18K #100,"$720,00","$750,00",,,"< $ 35,27",
Frutas y Verduras,80,MANZANA ROJA,RED DELI C/20K,"$620,00","$780,00",,,"< $ 30,37",
Frutas y Verduras,81,MANZANA ROJA,GALA CAJA CON 18K,"$700,00","$740,00",,,"< $ 34,29",
Frutas y Verduras,82,MANZANA VERDE,GRANNY 100 c/20K,"$840,00","$880,00",,,"< $ 41,15",
Frutas y Verduras,83,PERA ANJU 1RA #90,CAJA CON 20K,"$980,00","$1.050,00",,,"< $ 48,01",
Frutas y Verduras,84,KIWI CAT 33,CAJA CON 10K ITALIANO,"$600,00",,,,,"$ 29,39"
Frutas y Verduras,85,UVA VERDE,PERUANA DOBLE JUMBO,,"$500,00",,,,
Frutas y Verduras,86,MANDARINA TANGO,CAJA CON 9 K,"$250,00",,,,,"$ 12,25"
Frutas y Verduras,87,APIO,MANOJO,,,50.00,,70.00,2.45
Frutas y Verduras,88,ARUGULA BABY,,,,80.00,,80.00,3.92
Frutas y Verduras,89,ARUGULA NORMAL,,,,70.00,,70.00,3.43
Frutas y Verduras,90,AZAFRAN,,,,25.00,,30.00,1.22
Frutas y Verduras,91,BERENJENA NORMAL,,20.00,15.00,,,20.00,0.98
Frutas y Verduras,92,BETABEL,MANOJO,,,70.00,,60.00,3.43
Frutas y Verduras,93,BETABEL DE COLORES,,,,,70.00,70.00,3.43
Frutas y Verduras,94,BOCKCHOY,,,,,30.00,30.00,1.47
Frutas y Verduras,95,BORRAJAS,POR DOMO,,,,30.00,30.00,1.47
Frutas y Verduras,96,BROCOLI,,8.00,5.00,8.00,,8.00,0.39
Frutas y Verduras,97,BROTE AMARANTO,POR DOMO,,,,30.00,30.00,1.47
Frutas y Verduras,98,BROTE APIO,POR DOMO,,,,30.00,30.00,1.46
Frutas y Verduras,99,BROTE ARUGULA,POR DOMO,,,,30.00,30.00,1.46
Frutas y Verduras,100,BROTE BETABEL,POR DOMO,,,,30.00,30.00,1.46
Frutas y Verduras,101,BROTE BROCOLI,POR DOMO,,,,30.00,30.00,1.46
Frutas y Verduras,102,BROTE CHICHARO,POR DOMO,,,,30.00,30.00,1.46
Frutas y Verduras,103,BROTE CILANTRO,POR DOMO,,,,30.00,30.00,1.46
Frutas y Verduras,104,BROTE COL MORADA,POR DOMO,,,,30.00,30.00,1.46
Frutas y Verduras,105,BROTE EPAZOTE,POR DOMO,,,,30.00,30.00,1.46
Frutas y Verduras,106,BROTE GIRASOL,POR DOMO,,,,30.00,30.00,1.46
Frutas y Verduras,107,BROTE HIERBABUENA,POR DOMO,,,,30.00,30.00,1.46
Frutas y Verduras,108,BROTE MAIZ,POR DOMO,,,,30.00,30.00,1.46
Frutas y Verduras,109,BROTE MAZTUERTO,POR DOMO,,,,30.00,30.00,1.46
Frutas y Verduras,110,BROTE MELON,POR DOMO,,,,30.00,30.00,1.46
Frutas y Verduras,111,BROTE MENTA,POR DOMO,,,,30.00,30.00,1.46
Frutas y Verduras,112,BROTE MENTA CHINA,POR DOMO,,,,30.00,30.00,1.46
Frutas y Verduras,113,BROTE MOSTAZA,POR DOMO,,,,30.00,30.00,1.46
Frutas y Verduras,114,BROTE PEREJIL,POR DOMO,,,,30.00,30.00,1.46
Frutas y Verduras,115,BROTE RABANO,POR DOMO,,,,30.00,30.00,1.46
Frutas y Verduras,116,BULBO HINOJO,,,,,70.00,70.00,3.43
Frutas y Verduras,117,CAMOTE,,,,,30.00,35.00,1.46
Frutas y Verduras,118,CAPUCHINA,POR DOMO,,,,30.00,30.00,1.46
Frutas y Verduras,119,CEBOLLA CAMBRAY,POR MANOJO,50.00,30.00,,50.00,35.00,2.45
Frutas y Verduras,120,CILANTRO,POR MANOJO,60.00,30.00,,60.00,50.00,1.46
Frutas y Verduras,121,CHAMPINION,CREMINI,75.00,65.00,,75.00,75.00,3.67
Frutas y Verduras,122,CHICHARO,,,,,12.00,25.00,0.59
Frutas y Verduras,123,CLAVELINAS,POR DOMO,,,,30.00,30.00,1.46
Frutas y Verduras,124,COL,POR PIEZA,25.00,15.00,,25.00,15.00,1.22
Frutas y Verduras,125,COLES CHINAS,POR PIEZA,,,,60.00,60.00,2.94
Frutas y Verduras,126,COLIFLOR,POR PIEZA,30.00,20.00,,30.00,30.00,1.47
Frutas y Verduras,127,CRISANTEMOS,POR DOMO,,,,30.00,30.00,1.46
Frutas y Verduras,128,EJOTE,,,,,10.00,10.00,0.49
Frutas y Verduras,129,ELOTE,POR PIEZA (12x60),,,,4.00,4.00,0.20
Frutas y Verduras,130,ESCAROLA,POR PIEZA,,,,15.00,15.00,0.73
Frutas y Verduras,131,ESPARRAGOS,POR MANOJO,120.00,70.00,,120.00,140.00,5.88
Frutas y Verduras,132,ESPINACA,POR MANOJO,,,,30.00,50.00,1.47
Frutas y Verduras,133,FLOR DE CILANTRO,POR DOMO,,,,30.00,30.00,1.46
Frutas y Verduras,134,FLOR DE MIEL BLANCA,POR DOMO,,,,30.00,30.00,1.46
Frutas y Verduras,135,FLOR DE MIEL MORADA,POR DOMO,,,,30.00,30.00,1.46
Frutas y Verduras,136,FLORES COMESTIBLES,POR DOMO,,,,30.00,30.00,1.46
Frutas y Verduras,137,FRISSE,POR PIEZA,,,,10.00,10.00,0.49
Frutas y Verduras,138,HABA,,20.00,18.00,,20.00,15.00,0.98
Frutas y Verduras,139,JITOMATE CHERRY COLORES,POR DOMO,,,,10.00,12.00,0.49
Frutas y Verduras,,Papa,,,,,,,
Frutas y Verduras,140,JITOMATE CHERRY ROJO,POR DOMO,"$10,00",,,,"$10,00","$ 0,49"
Frutas y Verduras,141,CORAZON DE LECHUGA,POR PIEZA,"$7,00",,,,"$7,00","$ 0,34"
Frutas y Verduras,142,LECHUGA ROMANA,POR PIEZA,"$10,00",,,,"$10,00","$ 0,49"
Frutas y Verduras,143,LECHUGA ITALIANA,POR PIEZA,"$10,00",,,,"$10,00","$ 0,49"
Frutas y Verduras,144,LECHUGA OREJONA,POR PIEZA,"$10,00",,,,"$10,00","$ 0,49"
Frutas y Verduras,145,MALANGA (TARO),,,,,"$25,00","$25,00","$ 1,22"
Frutas y Verduras,146,MALBOL,POR DOMO,,,,"$30,00","$30,00","$ 1,46"
Frutas y Verduras,147,MAPLE,POR PIEZA,,,,"$15,00","$15,00","$ 0,73"
Frutas y Verduras,148,MARGARITAS,POR DOMO,,,,"$30,00","$30,00","$ 1,46"
Frutas y Verduras,149,MIZUNA MORADA,,"$120,00",,,,"$120,00","$ 5,88"
Frutas y Verduras,150,MIZUNA MORADA,HOJA ANCHA,"$120,00",,,,"$120,00","$ 5,83"
Frutas y Verduras,151,MIZUNA VERDE,,"$100,00",,,,"$100,00","$ 4,90"
Frutas y Verduras,152,NOPALES 1RAS,200 PZAS,"$100,00",,,,"$120,00","$ 4,90"
Frutas y Verduras,153,NOPALES 2DAS,200 PZAS,"$60,00",,,,"$90,00","$ 2,94"
Frutas y Verduras,154,OJO DE CANARIO,POR DOMO,,,,"$30,00","$30,00","$ 1,46"
Frutas y Verduras,155,OKRA,,"$60,00",,,,"$60,00","$ 2,94"
Frutas y Verduras,156,PACKCHOY,,"$60,00",,,,"$60,00","$ 2,92"
Frutas y Verduras,157,PENSAMIENTOS CH,POR DOMO,,,,"$30,00","$30,00","$ 1,46"
Frutas y Verduras,158,PENSAMIENTOS GDE,POR DOMO,,,,"$30,00","$30,00","$ 1,46"
Frutas y Verduras,159,PEPINO,,"$17,00","$13,00","$17,00","$130,00","$17,00","$ 0,83"
Frutas y Verduras,160,PEREJIL,POR MANOJO,"$50,00","$30,00",,,"$50,00","$ 2,45"
Frutas y Verduras,161,RÁBANO,POR MANOJO,,,,"$10,00","$25,00","$ 0,49"
Frutas y Verduras,162,ROSAS MINIS,POR DOMO,,,,"$30,00","$30,00","$ 1,47"
Frutas y Verduras,163,RUIBARBO,,"$100,00",,,,"$100,00","$ 4,90"
Frutas y Verduras,164,SANGRIAS,POR PIEZA,,,,"$15,00","$15,00","$ 0,73"
Frutas y Verduras,165,SAÚCO,POR DOMO,,,,"$30,00","$30,00","$ 1,47"
Frutas y Verduras,166,SETAS,,"$30,00",,,,"$40,00","$ 1,47"
Frutas y Verduras,167,SORREL,POR DOMO,,,,"$30,00","$30,00","$ 1,47"
Frutas y Verduras,168,VERSA,,,,,"$40,00","$40,00","$ 1,96"
Frutas y Verduras,169,VERSA DINOSAURIO,,,,,"$50,00","$50,00","$ 2,45"
Frutas y Verduras,170,VERSA MORADA,,,,,"$50,00","$50,00","$ 2,45"
Frutas y Verduras,171,ZANAHORIA BABY DE COLORES,,,,,"$80,00","$80,00","$ 3,92"
Frutas y Verduras,172,AJO CHALOT AMERICANO,,250.00,250.00,,,,12.25
Frutas y Verduras,173,AJO CHALOT NACIONAL,,100.00,100.00,,,,4.90
Frutas y Verduras,174,ALBAHACA ITALIANA,,100.00,120.00,,,,4.90
Frutas y Verduras,175,ALBAHACA MORADA,,150.00,150.00,,,,7.35
Frutas y Verduras,176,APIO AMERICANO,POR PIEZA,25.00,25.00,,,,1.22
Frutas y Verduras,177,CALABAZA CASTILLA,,25.00,25.00,,,,1.22
Frutas y Verduras,178,CALABAZA ESPAGUETI,,50.00,50.00,,,,2.45
Frutas y Verduras,179,CALABAZA,MANTEQUILLA,50.00,50.00,,,,2.45
Frutas y Verduras,180,CALABAZA PATIPAN,AMARILLA,160.00,220.00,,,,7.84
Frutas y Verduras,181,CALABAZA ZUCHINI,AMARILLA,160.00,160.00,,,,7.84
Frutas y Verduras,182,CALABAZA ZUCHINI,VERDE,160.00,160.00,,,,7.84
Frutas y Verduras,183,CEBOLLA AMARILLA,,25.00,25.00,,,,1.22
Frutas y Verduras,184,CHERRY AMARILLO,POR DOMO,30.00,25.00,,,,1.47
Frutas y Verduras,185,CHERRY MIXTO,POR DOMO,25.00,25.00,,,,1.22
Frutas y Verduras,186,CHERRY NARANJA,POR DOMO,30.00,25.00,,,,1.47
Frutas y Verduras,187,CHERRY UVA,POR DOMO,15.00,15.00,,,,0.73
Frutas y Verduras,188,CHILE FRESCO,CHILTEPIN,600.00,600.00,,,,29.39
Frutas y Verduras,189,COLIFLOR AMARILLA,POR PIEZA,50.00,50.00,,,,2.45
Frutas y Verduras,190,COLIFLOR MORADA,POR PIEZA,50.00,50.00,,,,2.45
Frutas y Verduras,191,COLIFLOR VERDE,POR PIEZA,50.00,50.00,,,,2.45
Frutas y Verduras,192,CORAZONES DE APIO,POR PIEZA,20.00,20.00,,,,0.98
Frutas y Verduras,193,CORAZONES DE LECHUGA,POR DOMO,50.00,50.00,,,,2.45
Frutas y Verduras,194,EJOTE FRANCES,,100.00,140.00,,,,4.90
Frutas y Verduras,195,ELOTE AMARILLO,DULCE,50.00,50.00,,,,2.45
Frutas y Verduras,196,ELOTE BABY,,60.00,80.00,,,,2.94
Frutas y Verduras,197,ESPINACA,POPEYE PAQUETE,35.00,35.00,,,,1.96
Frutas y Verduras,198,ESPINACA BABY,MR. LUCKY PAQUETE,40.00,40.00,,,,1.96
Frutas y Verduras,199,ESTRAGÓN,,800.00,800.00,,,,39.19
Frutas y Verduras,200,LECHUGA ENDIVIA,PAQUETE,120.00,120.00,,,,5.88
Frutas y Verduras,201,LECHUGA HAPPY,POR BOLSA,45.00,45.00,,,,2.20
Frutas y Verduras,202,LIMON EUREKA,,50.00,25.00,,,,2.45
Frutas y Verduras,203,PEPINO EUROPEO,,25.00,25.00,,,,1.22
Frutas y Verduras,204,PEPINO PERSA,,30.00,30.00,,,,1.47
Frutas y Verduras,205,PIMIENTO JAPONES,SHISHITO,250.00,250.00,,,,12.25
Frutas y Verduras,206,PIMIENTO PADRON,ESPAÑOL,250.00,280.00,,,,12.25
Frutas y Verduras,207,RABANO SANDIA,,80.00,80.00,,,,3.92
Frutas y Verduras,208,RAIZ APIO Nabo,,250.00,250.00,,,,12.25
Frutas y Verduras,209,RAIZ DE CHIRIVIA,,300.00,300.00,,,,14.70
Frutas y Verduras,210,SALVIA ITALIANA,,150.00,150.00,,,,7.35
Frutas y Verduras,211,SHITAKE SECO,,800.00,800.00,,,,39.19
Frutas y Verduras,212,TOMATE COLORES,HEIRLOOM,80.00,80.00,,,,3.92
Frutas y Verduras,213,VAINA CHICHARO,CHINO,80.00,80.00,,,,3.92
Frutas y Verduras,214,VAINA DE VAINILLA,POR PIEZA,60.00,60.00,,,,2.94
Frutas y Verduras,215,ZANAHORIA BABY,BOLSA,35.00,35.00,,,,1.71
Frutas y Verduras,216,ZANAHORIA,MIXTA CON RABO,80.00,80.00,,,,3.92
Frutas y Verduras,217,ZANAHORIA,MIXTA PELADA,180.00,180.00,,,,8.82
Abarrotes,218,ALMENDRA,,"190,00","178,00",,,"190,00","9,31"
Abarrotes,219,ARÁNDANO,,"115,00","104,00",,,"115,00","5,63"
Abarrotes,220,AVELLANA,,"150,00","140,00",,,"150,00","7,35"
Abarrotes,221,CACAHUATE 5K,CON CÁSCARA,"270,00","210,00",,,"270,00","13,23"
Abarrotes,222,CACAHUATE,SIN CÁSCARA,"55,00","48,00",,,"55,00","2,69"
Abarrotes,223,CHILTEPIN,,,,"2.300,00",,"2.300,00","112,68"
Abarrotes,224,CIRUELA PASA,SIN HUESO,"110,00","98,00",,,"110,00","5,39"
Abarrotes,225,CIRUELA PASA 80/90,CON HUESO,"88,00","82,00",,,"88,00","4,31"
Abarrotes,226,CONDIMENTO BIRRIA,POR PIEZA,,,,"90,00","90,00","4,41"
Abarrotes,227,SAL CON AJO,POR PIEZA,,,,"70,00","70,00","3,43"
Abarrotes,228,ABLANDADOR,POR PIEZA,,,,"55,00","55,00","2,69"
Abarrotes,229,SAZONADOR AL PASTOR,POR PIEZA,,,,"85,00","85,00","4,16"
Abarrotes,230,SAZONADOR HAMBUR,POR PIEZA,,,,"80,00","80,00","3,92"
Abarrotes,231,SAZONADOR SUADERO,POR PIEZA,,,,"80,00","80,00","3,92"
Abarrotes,232,SAZONADOR ARRACHERA,POR PIEZA,,,,"80,00","80,00","3,92"
Abarrotes,233,CONDIMENTO MARISCOS,POR PIEZA,,,,"80,00","80,00","3,92"
Abarrotes,234,SAL CON AJO Y FINAS HIERBAS,POR PIEZA,,,,"80,00","80,00","3,92"
Abarrotes,235,PIMIENTA CON SAL Y LIMÓN,POR PIEZA,,,,"80,00","80,00","3,92"
Abarrotes,236,PIMIENTA NEGRA CON SAL Y AJO,POR PIEZA,,,,"80,00","80,00","3,92"
Abarrotes,237,SAZONADOR,POR PIEZA,,,,"80,00","80,00","3,92"
Abarrotes,238,JUGO SAZONADOR PARA CARNE,POR PIEZA,,,,"65,00","65,00","3,18"
Abarrotes,239,SALSA TIPO INGLESA,POR PIEZA,,,,"65,00","65,00","3,18"
Abarrotes,240,SALSA DE SOYA,POR PIEZA,,,,"50,00","50,00","2,45"
Abarrotes,241,ABLANDADOR DE CARNES Y FINAS HIERBAS,POR PIEZA,,,,"65,00","65,00","3,18"
Abarrotes,242,AJO Y FINAS HIERBAS,POR PIEZA,,,,"65,00","65,00","3,18"
Abarrotes,243,JUGO PARA CARNES CON HIERBAS FINAS,POR PIEZA,,,,"65,00","65,00","3,18"
Abarrotes,244,PIMIENTA NEGRA CON SAL Y AJO,POR PIEZA,,,,"75,00","75,00","3,67"
Abarrotes,245,JAMAICA,IMPORTADA,"75,00","65,00",,"75,00","75,00","3,67"
Abarrotes,246,NUEZ WHICHA,ENTERA,"290,00","280,00",,,"290,00","14,21"
Abarrotes,247,NUEZ,PEDAZOS,"210,00","200,00",,,"210,00","10,29"
Abarrotes,248,PASA,CHILENA,"59,00","45,00",,,"59,00","2,89"
Abarrotes,249,PASA,NACIONAL,"49,00","39,00",,,"49,00","2,40"
Abarrotes,250,FRIJOl NEGRO,AMERICANO,"31,00","29,00",,,"31,00","1,52"
Abarrotes,251,FRIJOl NEGRO,BOLA,"32,00","30,00",,,"32,00","1,57"
Abarrotes,252,FRIJOl PINTO,SALTILLO,"28,00","26,00",,,"28,00","1,37"
Abarrotes,253,FRIJOl PINTO,AMERICANO,"30,00","28,00",,,"30,00","1,47"
Abarrotes,254,FRIJOl,PERUANO,"38,00","36,00",,,"38,00","1,86"
Abarrotes,255,FRIJOl,BAYO,"45,00","43,00",,,"45,00","2,20"
Abarrotes,256,FRIJOl,MEDIA OREJA,"25,00","23,00",,,"25,00","1,22"
Abarrotes,257,ARROZ,SINALOA,"19,00","17,00",,,"19,00","0,93"
Abarrotes,258,ARROZ,URUGUAYO,"25,00","22,00",,,"26,00","1,22"
Pescados y Mariscos,259,CAMARÓN,MATAMOROS,,,"$350,00",,"$350,00","$ 17,15"
Pescados y Mariscos,260,CAMARÓN,ESCUINAPA EXT G,,,"$370,00",,"$370,00","$ 18,13"
Pescados y Mariscos,261,CAMARÓN,ESCUINAPA S/CMED,,,"$350,00",,"$350,00","$ 17,15"
Pescados y Mariscos,262,CAMARÓN,CAMPECHE S/C,,,"$300,00",,"$300,00","$ 14,70"
Pescados y Mariscos,275,SALMÓN FRESCO,,"$455,00",,"$455,00",,"$455,00","$ 22,29"
Pescados y Mariscos,276,MEDALLÓN DE ATÚN,,"$295,00",,"$295,00",,"$295,00","$ 14,45"
Pescados y Mariscos,277,FILETE TILAPIA,,"$145,00",,"$145,00",,"$145,00","$ 7,10"
Pescados y Mariscos,278,FILETE BASA,,"$85,00",,"$85,00",,"$85,00","$ 4,16"
Pescados y Mariscos,279,CAMARÓN PACOTILLA,,"$295,00",,"$295,00",,"$295,00","$ 14,45"
Pescados y Mariscos,280,JAIBA EN CONCHA,,,,"$100,00",,"$100,00","$ 4,90"
Pescados y Mariscos,281,CINTILLA,,,,"$120,00",,"$120,00","$ 5,88"
Pescados y Mariscos,282,SURIMI,,,,"$145,00",,"$145,00","$ 7,10"
Pescados y Mariscos,283,MOJARRA,,,,"$125,00",,"$125,00","$ 6,12"
Pescados y Mariscos,284,CAZÓN,,,,"$140,00",,"$140,00","$ 6,86"
Pescados y Mariscos,285,SIERRA,,,,"$155,00",,"$155,00","$ 7,59"
Pescados y Mariscos,286,PULPO BABY,,,,"$315,00",,"$315,00","$ 15,43"
Pescados y Mariscos,287,PULPO 1-2,,,,"$260,00",,"$260,00","$ 12,74"
Pescados y Mariscos,288,PULPO 2-4,,,,"$315,00",,"$315,00","$ 15,43"
Pescados y Mariscos,289,PULPO 4-6,,,,"$380,00",,"$380,00","$ 18,62"
Pescados y Mariscos,290,PULPO COCIDO,,,,"$440,00",,"$440,00","$ 21,56"
Pescados y Mariscos,291,SALMÓN CHILENO,CONGELADO OCEAN,,,"$300,00",,,"$14,70"
Pescados y Mariscos,292,MEDALLÓN DE ATÚN,CONGELADO,,,"$210,00",,"$210,00","$10,29"
Pescados y Mariscos,293,CAMARON PACOTILLA,CONGELADO,,,"$300,00",,"$300,00","$14,70"
Pescados y Mariscos,294,FILETE DE BASA,CONGELADO SIN AGUA,,,"$85,00",,,"$4,16"
Pescados y Mariscos,295,SALMÓN FRESCO,,,,"$480,00",,"$480,00","$23,52"
Pescados y Mariscos,296,MEDALLÓN DE ATÚN,FRESCO,,,"$680,00",,"$680,00","$33,31"
Pescados y Mariscos,297,CAMARON PACOTILLA,FRESCO,,,"$300,00",,"$250,00","$14,70"
Pescados y Mariscos,298,MOJARRA ENTERA,FRESCA,,,"$125,00",,"$80,00","$6,12"
Pescados y Mariscos,299,SIERRA ENTERA,FRESCA,,,"$125,00",,"$80,00","$6,12"
Pescados y Mariscos,300,LANGOSTA FRESCA,MAZATLÁN,,,"$500,00",,"$500,00","$24,50"
Pescados y Mariscos,301,LANGOSTA FRESCA,DE CANCÚN,,,"$800,00",,"$800,00","$39,19"
Pescados y Mariscos,302,LANGOSTA VIVA,,,,"$1.300,00",,"$1.300,00","$63,69"
Pescados y Mariscos,303,JAIBA VIVA,,,,"$80,00",,"$80,00","$3,92"
Pescados y Mariscos,304,JAIBA FRESCA,,,,"$60,00",,"$60,00","$2,94"
Pescados y Mariscos,305,MOJARRA VIVA DE CULTIVO,,,,"$100,00",,"$100,00","$4,90"
Pescados y Mariscos,306,OSTIÓN DE CULTIVO,POR PIEZA,,,"$30,00",,"$30,00","$1,47"
Pescados y Mariscos,307,ALMEJA GENEROSA,POR PIEZA,,,"$400,00",,"$400,00","$19,60"
Pescados y Mariscos,308,RANA TORO VIVA,,,,"$450,00",,"$450,00","$22,05"
Cárnicos,309,CARNE RES FRESCA,CARNE DE RES,"$215,00","$210,00",,,,"$ 10,53"
Cárnicos,310,MOLIDA ECONÓMICA RES,CARNE DE RES,"$140,00","$135,00",,,,"$ 6,86"
Cárnicos,311,SUADERO/TAQUERO RES,CARNE DE RES,"$165,00","$160,00",,,,"$ 8,08"
Cárnicos,312,BISTEC REBANADO DE RES,CARNE DE RES,"$180,00","$175,00",,,,"$ 8,82"
Cárnicos,313,CORTES RES FINOS,CARNE DE RES,"$255,00","$250,00",,,,"$ 12,49"
Cárnicos,314,ARRACHERA AMERICANA,CARNE DE RES,"$370,00","$370,00",,,,"$ 18,13"
Cárnicos,315,AHUJAS NORTEÑAS,CARNE DE RES,"$195,00","$190,00",,,,"$ 9,55"
Cárnicos,316,FILETE RES LIMPIO,CARNE DE RES,"$270,00","$270,00",,,,"$ 13,23"
Cárnicos,317,FILETE RES SEMILIMPIO,CARNE DE RES,"$230,00","$230,00",,,,"$ 11,27"
Cárnicos,318,RETAZO RES,CARNE DE RES,"$145,00","$140,00",,,,"$ 7,10"
Cárnicos,319,CECINA DE RES,CARNE DE RES,"$205,00","$200,00",,,,"$ 10,04"
Cárnicos,320,MILANEZA DE CENTRO,CARNE DE RES,"$190,00","$180,00",,,,"$ 9,31"
Cárnicos,321,CHISTORRA,CARNE DE RES,"$135,00","$135,00",,,,"$ 6,61"
Cárnicos,322,CHORIZO ARGENTINO,CARNE DE RES,"$130,00","$130,00",,,,"$ 6,37"
Cárnicos,323,LENGUA DE RES CRUDA,CARNE DE RES,"$345,00","$345,00",,,,"$ 16,90"
Cárnicos,324,HAMBURGUESA RES,CARNE DE RES,"$215,00","$210,00",,,,"$ 10,53"
Cárnicos,325,ARRACHERA RINCON,CARNE DE RES,"$230,00","$230,00",,,,"$ 11,27"
Cárnicos,326,CARNE DE RES MAGRA,CARNE DE RES,"$255,00","$240,00",,,,"$ 12,49"
Cárnicos,327,HUESO RES,CARNE DE RES,"$3,00","$3,00",,,,"$ 0,15"
Cárnicos,328,GRASA RES,CARNE DE RES,"$45,00","$45,00",,,,"$ 2,20"
Cárnicos,329,TUÉTANO/PERICO (PZA),CARNE DE RES,"$50,00","$50,00",,,,"$ 2,45"
Cárnicos,330,CHULETA EN TROZO,CARNE DE CORDERO,"$180,00","$180,00",,,,"$ 8,82"
Cárnicos,331,MOLLEJA DE RES,CARNE DE RES,"$50,00","$50,00",,,,"$ 2,45"
Cárnicos,332,TRIPA DELGADA/GRUESA,CARNE DE RES,"$150,00","$150,00",,,,"$ 7,35"
Cárnicos,333,HIGADO/RIÑON DE RES,CARNE DE RES,"$60,00","$60,00",,,,"$ 2,94"
Cárnicos,334,CUAJO/CORAZON/CRIADILLAS,CARNE DE RES,"$40,00","$40,00",,,,"$ 1,96"
Cárnicos,335,BOFE DE RES,CARNE DE RES,"$25,00","$25,00",,,,"$ 1,22"
Cárnicos,336,PATA ENTERA,CARNE DE RES,"$50,00","$50,00",,,,"$ 2,45"
Cárnicos,337,PATA PICADA,CARNE DE RES,"$44,00","$44,00",,,,"$ 2,16"
Cárnicos,338,PANZA,CARNE DE RES,"$80,00","$80,00",,,,"$ 3,92"
Cárnicos,339,LIBRO/CACARIZO/SURTIDA,CARNE DE RES,"$85,00","$85,00",,,,"$ 4,16"
Cárnicos,340,RELLENA,CARNE DE RES,"$30,00","$30,00",,,,"$ 1,47"
Cárnicos,341,COLA DE RES,CARNE DE RES,"$100,00","$100,00",,,,"$ 4,90"
Cárnicos,342,MACIZA/BISTEC/MOLIDA/FALDA,CARNE DE CERDO,"$105,00","$105,00",,,,"$ 5,14"
Cárnicos,343,BISTEC REBANADO,CARNE DE CERDO,"$100,00","$100,00",,,,"$ 4,90"
Cárnicos,344,ESPINAZO,CARNE DE CERDO,"$100,00","$100,00",,,,"$ 4,90"
Cárnicos,345,LOMO,CARNE DE CERDO,"$100,00","$100,00",,,,"$ 4,90"
Cárnicos,346,MANITAS,CARNE DE CERDO,"$70,00","$70,00",,,,"$ 3,43"
Cárnicos,347,CABEZA DE CERDO,CARNE DE CERDO,"$48,00","$48,00",,,,"$ 2,35"
Cárnicos,348,ENCHILADA DE CERDO,CARNE DE CERDO,"$128,00","$128,00",,,,"$ 6,27"
Cárnicos,349,CABEZA DE LOMO,CARNE DE CERDO,"$100,00","$100,00",,,,"$ 4,90"
Cárnicos,350,CHULETA AHUMADA,CARNE DE CERDO,"$105,00","$105,00",,,,"$ 5,14"
Cárnicos,351,CAÑA DE LOMO,CARNE DE CERDO,"$105,00","$105,00",,,,"$ 5,14"
Cárnicos,352,LONGANIZA RANCHERITO,CARNE DE CERDO,"$85,00","$85,00",,,,"$ 4,16"
Cárnicos,353,LONGANIZA RINCON,CARNE DE CERDO,"$85,00","$85,00",,,,"$ 4,16"
Cárnicos,354,LONGANIZA PAY,CARNE DE CERDO,"$85,00","$85,00",,,,"$ 4,16"
Cárnicos,355,CORBATA,CARNE DE CERDO,"$90,00","$85,00",,,,"$ 4,41"
Cárnicos,356,CHICHARRON DELGADO,CARNE DE CERDO,"$135,00","$135,00",,,,"$ 6,61"
Frutas y Verduras,,Papa,,,,,,,
Cárnicos,357,CHICHARRON PRENSADO,CARNE DE CERDO,"$75,00",,,"$75,00",,"$ 3,67"
Cárnicos,358,TOCINO,CARNE DE CERDO,"$105,00",,,"$105,00",,"$ 5,14"
Cárnicos,359,CODILLO,CARNE DE CERDO,"$60,00",,,"$60,00",,"$ 2,94"
Cárnicos,360,PASTOR DE CERDO,CARNE DE CERDO,"$105,00",,,"$105,00",,"$ 5,14"
Cárnicos,361,SESOS DE CERDO (PIEZA),CARNE DE CERDO,"$100,00",,,"$100,00",,"$ 4,90"
Cárnicos,362,MANTECA,DE CERDO,"$40,00",,,"$40,00",,"$ 1,96"
Cárnicos,363,PIERNA ESPAÑOLA,CARNE DE CERDO,"$95,00",,,"$95,00",,"$ 4,65"
Cárnicos,364,NANA/BUCHE,CARNE DE CERDO,"$90,00",,,"$90,00",,"$ 4,41"
Cárnicos,365,CUERO,CARNE DE CERDO,"$30,00",,,"$30,00",,"$ 1,47"
Cárnicos,366,TAQUERO DE CERDO,CARNE DE CERDO,"$85,00",,,"$85,00",,"$ 4,16"
Cárnicos,367,PRENSADO NATURAL,CARNE DE CERDO,"$137,00",,,"$137,00",,"$ 6,71"
Cárnicos,368,CHULETA AHUMADA (PZA),CARNE DE CERDO,"$95,00",,,"$95,00",,"$ 4,65"
Cárnicos,369,HUESO CERDO,CARNE DE CERDO,"$3,00",,,"$3,00",,"$ 0,15"
Cárnicos,370,PIERNA CON HUESO,CARNE DE CERDO,"$84,00",,,"$84,00",,"$ 4,12"
Cárnicos,371,PECHO,DE CERDO,"$120,00",,,"$110,00",,"$ 5,88"
Cárnicos,372,GRASA,DE CERDO,"$45,00",,,"$45,00",,"$ 2,20"
Cárnicos,373,POLLO ENTERO,CARNE DE POLLO,"$70,00",,,"$70,00",,"$ 3,43"
Cárnicos,374,PIERNA CON MUSLO,CARNE DE POLLO,"$60,00",,,"$60,00",,"$ 2,94"
Cárnicos,375,PECHUGA,CARNE DE POLLO,"$110,00",,,"$110,00",,"$ 5,39"
Cárnicos,376,RETAZO,CARNE DE POLLO,"$20,00",,,"$20,00",,"$ 0,98"
Cárnicos,377,ALITAS NATURALES,CARNE DE POLLO,"$75,00",,,"$75,00",,"$ 3,67"
Cárnicos,378,ALAS ENCHILADAS,CARNE DE POLLO,"$180,00",,,"$180,00",,"$ 8,82"
Cárnicos,379,NUGGET/PALOMITA/TENDER,CARNE DE POLLO,"$125,00",,,"$125,00",,"$ 6,12"
Cárnicos,380,MUSLO,CARNE DE POLLO,"$75,00",,,"$75,00",,"$ 3,67"
Cárnicos,381,PULPA/MOLIDA,CARNE DE POLLO,"$165,00",,,"$165,00",,"$ 8,08"
Cárnicos,382,PASTOR DE POLLO,CARNE DE POLLO,"$110,00",,,"$110,00",,"$ 5,39"
Cárnicos,383,HAMBURGUESA,CARNE DE POLLO,"$100,00",,,"$100,00",,"$ 4,90"
Cárnicos,384,HUESO/GRASA/PIEL POLLO,CARNE DE POLLO,"$4,00",,,"$4,00",,"$ 0,20"
Cárnicos,385,PAVO NATURAL,PAVO,"$88,00",,,"$88,00",,"$ 4,31"
Cárnicos,386,PAVO AHUMADO,PAVO,"$126,00",,,"$126,00",,"$ 6,17"
Cárnicos,387,TT ARRACHERA,AMERICANA,"316,00",,,,316,"15,48"
Cárnicos,388,TT BISTEC,REBANADO DE RES,"162,00",,,,162,"7,94"
Cárnicos,389,TT COSTILLA DE RES,,"165,00",,,,165,"8,08"
Cárnicos,390,TT LENGUA DE RES CRUDA,,"287,00",,,,287,"14,06"
Cárnicos,391,TT MILANEZA DE CENTRO,,"162,00",,,,162,"7,94"
Cárnicos,392,TT MOLIDA DE RES,,"165,00",,,,165,"8,08"
Cárnicos,393,TT SUADERO,,"127,00",,,,127,"6,22"
Cárnicos,394,TT CABEZA DE LOMO,,"85,00",,,,85,"4,16"
Cárnicos,395,TT CHULETA AHUMADA,,"95,00",,,,95,"4,65"
Cárnicos,396,TT LONGANIZA PAY,,"80,00",,,,80,"3,92"
Cárnicos,397,TT MANTECA,,"40,00",,,,40,"1,96"
Cárnicos,398,TT PAPADA,,"78,00",,,,78,"3,82"
Cárnicos,399,TT PIERNA SIN HUESO,DE CERDO,"85,00",,,,85,"4,16"
Cárnicos,400,TT TOCINO,,"95,00",,,,95,"4,65"
Cárnicos,401,TT PECHUGA APLANADA,,"150,00",,,,150,"7,35"
Cárnicos,402,TT PEGHUGA ENTERA,,"100,00",,,,100,"4,90"
Cárnicos,403,TT PIERNA CON MUSLO,,"55,00",,,,55,"2,69"
Cárnicos,404,TT BORREGO FRESCO,,"154,00",,,,154,"7,54"
Cárnicos,405,TT ARRACHERA FILETEADA,AMERICANA,"320,00",,,,320,"15,68"
Cárnicos,406,TT ARRACHERA RINCON,,"195,00",,,,195,"9,55"
Cárnicos,407,TT CODILLO,,"55,00",,,,55,"2,69"
Cárnicos,408,TT PULPA RES VF,,"145,00",,,,145,"7,10"
Cárnicos,409,TT CORTES FINOS,,"175,00",,,,175,"8,57"
Cárnicos,410,TT CHISTORRA,,"115,00",,,,115,"5,63"
Cárnicos,411,TT TOCINO CON PIEL,,"160,00",,,,160,"7,84"
Pescados y Mariscos,416,CAMARONES NATURALES,LOTUS,120.00,,,,120.00,5.88
Cremería y Salchichonería,463,CHETO,QUESO,"$56,00",,,"$315,00","$55,00","$ 2,74"
Cremería y Salchichonería,464,CHETO,BOLITA,"$56,00",,,"$295,00","$55,00","$ 2,74"
Cremería y Salchichonería,465,PALOMITAS,MANTEQUILLA,"$65,00",,,,"$65,00","$ 3,18"
Cremería y Salchichonería,466,PALOMITAS,QUESO,"$65,00",,,,"$65,00","$ 3,18"
Cremería y Salchichonería,467,RUEDITAS,,"$56,00",,,,"$56,00","$ 2,74"
Cremería y Salchichonería,468,LAGRIMITAS,,"$56,00",,,,"$56,00","$ 2,74"
Cremería y Salchichonería,469,PAPA FRITA,,"$130,00",,,,"$130,00","$ 6,37"
Avícola,H1,HUEVO CALVARIO,,,,"$48,90",,"$48,90","$ 2,40"
Avícola,H2,HUEVO INDUSTRIAL,,,,"$34,90",,"$36,90","$ 1,71"
Avícola,H3,HUEVO CRIO,,,,"$41,50",,"$42,90","$ 2,03"
Avícola,H4,HUEVO SAN JUAN,,,,"$49,00",,"$49,00","$ 2,40"
Avícola,H5,HUEVO BRETTON,,,,"$41,00",,"$43,00","$ 2,01"
Abarrotes,470,ACEITE DE SOYA,NUTRIOLI 800ML,34.10,,,,35.00,1.67
Abarrotes,471,AZÚCAR STANDART,1K,20.00,,,,20.00,0.98
Abarrotes,472,AZÚCAR MOSCABADO,GENUINO METCO 1K,63.00,,,,63.00,3.09
Abarrotes,473,ARROZ,VERDE VALLE 1K,29.90,,,,37.00,1.46
Abarrotes,474,ARROZ,SOS AZUL 1K,26.70,,,,32.30,1.31
Abarrotes,475,ATÚN EN ACEITE,DOLORES 133G,18.60,,,,21.50,0.91
Abarrotes,476,ATÚN EN AGUA,DOLORES 133G,18.60,,,,21.50,0.91
Abarrotes,477,AVENA,3 MINUTOS 380G,23.60,,,,23.60,1.16
Abarrotes,478,AVENA,QUAKER 475G,44.30,,,,53.70,2.17
Abarrotes,479,CAFE LEGAL,180G,74.20,,,,80.70,3.64
Abarrotes,480,CAFÉ NESCAFÉ,200G,105.20,,,,114.40,5.15
Abarrotes,481,CEREAL CHOCOKRISPIS,KELLOGG'S 540G,79.30,,,,88.20,3.88
Abarrotes,482,CEREAL CORN FLAKES,KELLOGG'S 410G,53.80,,,,59.80,2.64
Abarrotes,483,CEREAL ZUCARITAS,KELLOGG'S 600G,78.50,,,,85.40,3.85
Abarrotes,484,CHICHAROS CON ZANAHORIA,HERDEZ 400G,18.90,,,,20.60,0.93
Abarrotes,485,CHILES CHIPOTLES,SAN MARCOS 100G,12.40,,,,15.20,0.61
Abarrotes,486,CHILES CHIPOTLES,LA COSTEÑA 105G,14.00,,,,14.80,0.69
Abarrotes,487,CHOCOLATE,NESQUIK 357G,37.90,,,,38.40,1.86
Abarrotes,488,CHOCOLATE,ABUELITA 6PZAS,84.40,,,,87.10,4.13
Abarrotes,489,ENSALADA DE LEGUMBRES,HERDEZ 220G,9.50,,,,10.00,0.47
Abarrotes,490,FÉCULA DE MAIZ,SABORES ΜΑΙΖΕΝΑ,9.30,,,,9.60,0.46
Abarrotes,491,FRIJOL FLOR DE MAYO,A GRANEL,47.50,,,,51.70,2.33
Abarrotes,492,FRIJOL NEGRO,AMERICANO A GRANEL,34.30,,,,37.30,1.68
Abarrotes,493,FRIJOL PINTO,AMERICANO A GRANEL,36.50,,,,39.70,1.79
Abarrotes,494,FRIJOLES BAYOS REFRITOS,LA COSTEÑA 580G,15.70,,,,17.10,0.77
Abarrotes,495,FRIJOLES NEGROS REFRITOS,LA COSTEÑA 580G,15.70,,,,17.10,0.77
Abarrotes,496,GELATINA D'GARI,120G,10.60,,,,10.70,0.52
Abarrotes,497,HARINA DE ARROZ,TRES ESTRELLAS 250G,13.50,,,,14.70,0.66
Abarrotes,498,HARINA DE TRIGO,TODO USO 1K,17.80,,,,21.60,0.87
Abarrotes,499,HARINA PARA HOTCAKES,GAMESA 850G,42.20,,,,45.90,2.07
Abarrotes,500,JABÓN DE TOCADOR,ZEST 135 G,17.30,,,,18.90,0.85
Abarrotes,501,JABÓN DE TOCADOR,PALMOLIVE 120 G,14.90,,,,19.20,0.73
Abarrotes,502,JALAPEÑOS EN RAJAS,LA COSTEÑA 220G,13.60,,,,15.30,0.67
Abarrotes,503,LECHE EN POLVO,NIDO CLÁSICA 1.56K,262.40,,,,285.30,12.86
Abarrotes,504,LECHE EN POLVO,NUTRI RINDES 460G,61.10,,,,66.50,2.99
Abarrotes,505,MAYONESA CON LIMON,McCORMICK 105G,16.80,18.30,,,,0.82
Abarrotes,506,MEDIAS NOCHES,BIMBO 340G,44.60,48.50,,,,2.18
Abarrotes,507,MERMELADA FRESA,McCORMICK 270G,24.60,23.70,,,,1.21
Abarrotes,508,MOSTAZA,McCORMICK 210G,16.80,17.10,,,,0.82
Abarrotes,509,PAN BLANCO,BIMBO GDE 640G,47.00,51.10,,,,2.30
Abarrotes,510,PAN INTEGRAL,WONDER GDE 567G,56.40,61.40,,,,2.76
Abarrotes,511,PAN MOLIDO CLASICO,BIMBO 210G,28.40,30.90,,,,1.39
Abarrotes,512,PAN TOSTADO,BIMBO 210G,32.40,35.30,,,,1.59
Abarrotes,513,PAPEL HIGIENICO,"PETALO 300H, 4 R",20.40,20.90,,,,1.00
Abarrotes,514,PAPEL HIGIENICO,REGIO RINDE 400H+ 4 R,26.00,26.50,,,,1.27
Abarrotes,515,PASTA BARILLA,SPAGUETTI #5 500G,22.90,23.40,,,,1.12
Abarrotes,516,PASTA DENTAL,COLGATE TRIPLE ACC 75ML,18.20,21.80,,,,0.89
Abarrotes,517,PASTA DENTAL,CREST COMPLETE 100ML,23.10,28.20,,,,1.13
Abarrotes,518,PURE DE TOMATE,LA COSTEÑA 350G,16.10,16.50,,,,0.79
Abarrotes,519,PURE DE TOMATE,DEL FUERTE 210G,8.10,8.00,,,,0.40
Abarrotes,520,SALSA CATSUP,DEL MONTE 320G,15.50,16.90,,,,0.76
Abarrotes,521,SALSA CATSUP,CLEMENTE J 340G,16.80,16.80,,,,0.82
Abarrotes,522,SALSA INGLESA,C&B 145ML,34.30,34.80,,,,1.68
Abarrotes,523,SALSA VALENTINA,ETIQUETA AMARILLA,13.10,14.50,,,,0.64
Abarrotes,524,SALSA VALENTINA,ETIQUETA NEGRA,15.60,16.40,,,,0.76
Abarrotes,525,SARDINA EN TOMATE,DOLORES 425G,34.40,44.80,,,,1.69
Abarrotes,526,SERVILLETAS,PETALO 420 PZAS,43.50,44.00,,,,2.13
Abarrotes,527,SERVILLETAS,MARLI 250 PZAS,21.10,23.00,,,,1.03
Abarrotes,528,SERVITOALLAS,REGIO RINDE + 250PZAS,23.00,23.50,,,,1.13
Abarrotes,529,SERVITOALLAS,ELITE MEGAROLLO,17.70,18.20,,,,0.87
Abarrotes,530,SHAMPOO,CAPRICE ESP 750ML,41.00,54.10,,,,2.01
Abarrotes,531,SHAMPOO,PALMOLIVE OPT 700ML,91.70,104.30,,,,4.49
Abarrotes,532,SOPADEPASTA,SPAGUETTI LA MODERNA 200G,6.70,7.10,,,,0.33
Abarrotes,533,SOPADEPASTA,FIDEO #0 LA MODERNA 200G,6.70,7.10,,,,0.33
Abarrotes,534,SOPADEPASTA,CODITO #3 LA MODERNA 200G,6.70,7.10,,,,0.33
Abarrotes,535,SUSTITUTO DE CREMA,COFFE MATE 160G,33.10,33.60,,,,1.62
Abarrotes,536,SUSTITUTO DE CREMA,LAUTREC 1K,110.30,119.90,,,,5.40
Abarrotes,537,TE MANZANILLA,McCORMICK 25 SOBRES,19.40,21.10,,,,0.95
Abarrotes,538,TE MANZANILLA,LAGG'S 24 SOBRES,19.80,23.30,,,,0.97
Abarrotes,539,TOALLAS FEMENINAS,KOTEX ANATOMICA 10 PZAS,16.90,18.40,,,,0.83
Abarrotes,540,TOALLAS FEMENINAS,SABA REGULAR 10 PZAS,19.10,20.80,,,,0.94
Abarrotes,541,TOALLAS HUMEDAS,ABSORSEC 90 PZAS,22.30,24.20,,,,1.09
Abarrotes,542,TOSTADAS,CHARRAS 300G,28.60,31.10,,,,1.40
Abarrotes,543,VINAGRE MANZANA,BARRILITO 750ML,19.70,21.40,,,,0.97
